,Aeu,Bab,Bal,Bfa,Bhy,Blu,Bra,Bse,Cal,Cca,Dbe,Dli,Del,Dgi,Dmc,Dmi,Dmu,Dna,Dwe,Eov,Esp1,Esp2,Ila,Lfs,Lfu,Llb,Llt,Lme,Lmy,Lpo,Ocu,Pat,Pce,Pcu,Pdi,Pma,Pmy,Pna,Ppl,Pte,Ptt,Ror,Rsc,Sal,Sar,Sbe,Sfs,Sfu,Sha,Sli,Spe,Spr,Ssi,Str,Sty,Tme,Tve,locality,hydroperiod,area,depth,lat,long,nvt,arbust_veg,arbor_veg,position_bi,dist_to_forest,position,canopy_cover,canopy_cover_cat,ecoregion
species_names,Aplastodiscus eugenioi,Boana albomarginata,Boana albopunctata,Boana Faber,Bokermannohyla hylax,Boana lundii,Boana raniceps,Boana semilineata,Chiasmocleis albopunctata,Chiasmocleis carvalhoi,Dendropsophus berthalutzae,Dendropsophus elianeae,Dendropsophus elegans,Dendropsophus giesleri,Dendropsophus microps,Dendropsophus minutus,Dermatonotus muelleri,Dendropsophus nanus,Dendropsophus Werneri,Elachistocleis ovalis,Elachistocleis sp1,Elachistocleis sp2,Itapotihyla langsdorffii,Leptodactylus fuscus,Leptodactylus furnarius,Leptodactylus labyrinthicus,Leptodactylus latrans,Leptodactylus mystaceus,Leptodactylus mystacinus,Leptodactylus podicipinus,Odontophrynus cultripes,Pseudopaludicola atragula,Physalaemus centralis,Physalaemus cuvieri,Phyllomedusa distincta,Physalaemus marmoratus,Pseudopaludicola mystacalis,Physalaemus nattereri,Pseudis platensis,Pseudopaludicola ternetzi,Physalaemus atlanticus,Rhinella ornata,Rhinella schineideri,Scinax alter,Sinax argyreornatus,Scinax berthae,Scinax fuscovarius,Scinax fuscomarginatus,Scinax hayii,Scinax littoralis,Scinax perereca,Scinax perpusillus,Scinax similis,Scinax trapicheiroi,Scinax tymbamirim,Trachycephalus mesophaeus,Trachycephalus venulosus,,,,,,,,,,,,,,,
ST1,0,0,0,0,0,0,1,0,0,0,0,0,0,0,0,0,0,1,0,0,1,0,0,1,0,0,0,0,0,0,0,0,0,1,0,1,0,1,0,0,0,0,0,0,0,0,1,0,0,0,0,0,1,0,0,0,0,Santa Fé do Sul,0,960,0.25,-20.188889,-50.896389,2,1,0,0,83,0,0,0,SSF
ST2,0,0,1,0,0,0,0,0,0,0,0,0,0,0,0,0,0,0,0,0,1,0,0,1,0,0,0,0,0,1,0,0,0,1,0,1,0,0,0,0,0,0,0,0,0,0,0,0,0,0,0,0,0,0,0,0,0,Santa Fé do Sul,0,600,0.1,-20.184722,-50.894444,2,1,0,0,65,0,0,0,SSF
ST3,0,0,0,0,0,0,0,0,0,0,0,0,0,0,0,0,0,0,0,0,1,0,0,1,0,0,0,0,0,0,0,0,0,1,0,0,0,1,0,0,0,0,0,0,0,0,1,0,0,0,0,0,0,0,0,0,0,Santa Fé do Sul,0,56,0.18,-20.185556,-50.890556,1,0,0,0,152,0,0,0,SSF
ST4,0,0,0,0,0,0,0,0,0,0,0,0,0,0,0,0,1,0,0,0,0,0,0,1,0,0,0,0,0,0,0,0,0,0,0,0,0,1,0,0,0,0,0,0,0,0,1,0,0,0,0,0,1,0,0,0,1,Santa Fé do Sul,0,50,0.8,-20.185278,-50.894444,1,0,0,0,89,0,0,0,SSF
ST5,0,0,0,0,0,0,1,0,0,0,0,0,0,0,0,0,0,1,0,0,1,0,0,1,0,0,0,0,0,1,0,0,0,1,0,0,0,0,0,0,0,0,1,0,0,0,0,0,0,0,0,0,0,0,0,0,0,Santa Fé do Sul,0,76.5,0.8,-20.178333,-50.892222,1,0,0,0,230,0,0,0,SSF
ST6,0,0,0,0,0,0,0,0,0,0,0,0,0,0,0,0,0,1,0,0,0,0,0,0,0,0,0,0,0,0,0,0,0,0,0,0,0,0,0,0,0,0,0,0,0,0,0,0,0,0,0,0,0,0,0,0,0,Santa Fé do Sul,1,230,2,-20.185278,-50.893611,2,1,0,0,109,0,0,0,SSF
ST7,0,0,0,0,0,0,1,0,0,0,0,0,0,0,0,0,0,1,0,0,0,0,0,0,0,0,0,0,0,0,0,0,0,0,0,0,0,0,0,0,0,0,0,0,0,0,0,0,0,0,0,0,0,0,0,0,0,Santa Fé do Sul,1,70,1,-20.184167,-50.894444,2,1,0,0,183,0,0,0,SSF
ST8,0,0,1,0,0,0,1,0,0,0,0,0,0,0,0,0,0,1,0,0,0,0,0,0,0,0,0,0,0,0,0,0,0,1,0,0,0,0,0,0,0,0,0,0,0,0,0,0,0,0,0,0,0,0,0,0,0,Santa Fé do Sul,1,120,1.8,-20.184167,-50.8944445,2,1,0,0,212,0,0,0,SSF
IC1,0,0,0,0,0,0,0,0,0,0,0,0,0,0,0,0,0,0,0,0,0,0,0,1,0,0,0,0,0,0,0,0,0,0,0,0,0,1,0,0,0,0,0,0,0,0,1,0,0,0,0,0,0,0,0,0,0,Icém,0,350,0.3,-20.366389,-49.256667,1,0,0,0,546,0,0,0,SSF
IC2,0,0,0,0,0,0,0,0,0,0,0,1,0,0,0,1,1,1,0,0,0,0,0,1,1,0,0,0,0,0,0,0,0,1,0,1,0,1,0,0,0,0,0,0,0,0,1,0,0,0,0,0,1,0,0,0,1,Icém,0,319,0.7,-20.356111,-49.201944,3,1,1,0,551,0,0,0,SSF
IC3,0,0,0,0,0,0,0,0,0,0,0,0,0,0,0,0,1,0,0,0,1,1,0,1,0,0,0,0,0,0,0,0,0,1,0,0,0,1,0,0,0,0,0,0,0,0,1,0,0,0,0,0,1,0,0,0,0,Icém,0,60,0.45,-20.355,-49.203889,1,0,0,0,347,0,0,0,SSF
IC4,0,0,0,0,0,0,0,0,0,0,0,0,0,0,0,0,0,0,0,0,0,0,0,1,0,0,0,0,0,0,0,0,0,0,0,0,0,1,0,0,0,0,0,0,0,0,1,0,0,0,0,0,0,0,0,0,0,Icém,0,117,0.3,-20.356667,-49.201944,1,0,0,0,338,0,0,0,SSF
IC5,0,0,0,0,0,0,0,0,0,0,0,0,0,0,0,0,0,0,0,0,1,1,0,1,0,0,0,0,0,0,0,0,0,0,0,1,1,1,0,0,0,0,0,0,0,0,1,0,0,0,0,0,1,0,0,0,0,Icém,0,70,0.35,-20.368611,-49.201944,1,0,0,0,88,0,0,0,SSF
IC6,0,0,1,0,0,0,0,0,0,0,0,0,0,0,0,1,0,1,0,0,0,0,0,1,0,1,0,0,0,1,0,0,0,1,0,0,1,1,0,1,0,0,0,0,0,0,0,0,0,0,0,0,0,0,0,0,0,Icém,1,168,0.5,-20.363889,-49.238333,2,1,0,0,89,0,0,0,SSF
IC7,0,0,1,0,0,0,0,0,0,0,0,0,0,0,0,0,0,1,0,0,0,0,0,0,0,0,0,0,0,0,0,1,0,1,0,1,1,1,0,0,0,0,0,0,0,0,0,0,0,0,0,0,0,0,0,0,0,Icém,1,800,0.42,-20.375,-49.275556,3,1,1,0,125,0,0,0,SSF
IC8,0,0,0,0,0,0,0,0,0,0,0,1,0,0,0,0,0,1,0,0,0,0,0,1,0,0,0,0,0,0,0,0,0,1,0,0,0,1,0,1,0,0,1,0,0,0,1,0,0,0,0,0,1,0,0,0,0,Icém,1,342,0.65,-20.355,-49.204722,2,1,0,0,328,0,0,0,SSF
IC9,0,0,1,0,0,0,0,0,0,0,0,0,0,0,0,0,0,1,0,0,0,0,0,1,0,1,0,0,0,0,0,0,0,1,0,1,1,1,0,0,0,0,0,0,0,0,0,1,0,0,0,0,0,0,0,0,0,Icém,1,495,0.6,-20.363889,-49.193889,2,1,0,0,98,0,0,0,SSF
IC10,0,0,1,0,0,0,0,0,0,0,0,0,0,0,0,0,0,0,0,0,1,1,0,1,1,1,0,0,0,0,0,0,0,1,0,1,1,0,0,1,0,0,0,0,0,0,0,0,0,0,0,0,0,0,0,0,0,Icém,1,800,0.1,-20.362778,-49.236389,3,1,1,0,10,0,0,0,SSF
IC11,0,0,1,0,0,0,0,0,0,0,0,0,0,0,0,0,0,0,0,0,1,1,0,1,0,1,0,0,0,0,0,1,0,1,0,1,1,1,0,0,0,0,0,0,0,0,0,0,0,0,0,0,0,0,0,0,0,Icém,1,660,0.15,-20.358333,-49.198611,1,0,0,0,38,0,0,0,SSF
IC12,0,0,1,0,0,0,0,0,0,0,0,0,0,0,0,0,0,0,0,0,1,0,0,1,0,1,0,0,0,0,0,0,0,1,0,0,1,0,0,1,0,0,0,0,0,0,0,0,0,0,0,0,0,0,0,0,0,Icém,1,600,0.55,-20.363333,-49.193333,3,1,1,0,129,0,0,0,SSF
NI1,0,0,1,0,0,0,1,0,0,0,0,0,0,0,0,0,0,1,0,0,0,0,0,0,0,0,0,0,0,1,0,0,0,1,0,0,0,1,0,0,0,0,1,0,0,0,0,1,0,0,0,0,1,0,0,0,0,Nova Itapirema,1,580,0.7,-21.078056,-49.538889,2,1,0,0,821,0,0,0,SSF
NI2,0,0,0,0,0,0,1,0,0,0,0,0,0,0,0,0,0,1,0,0,1,1,0,1,0,0,0,0,0,1,0,0,1,1,0,1,1,1,1,0,0,0,0,0,0,0,1,1,0,0,0,0,1,0,0,0,0,Nova Itapirema,1,300,0.7,-21.075833,-49.539167,1,0,0,0,834,0,0,0,SSF
NI3,0,0,1,0,0,0,1,0,0,0,0,0,0,0,0,1,0,1,0,0,0,1,0,1,0,0,0,0,0,1,0,0,1,1,0,0,1,1,0,0,0,0,1,0,0,0,1,1,0,0,0,0,1,0,0,0,0,Nova Itapirema,1,166.4,0.65,-21.081111,-49.519167,2,1,0,0,56,0,0,0,SSF
NI4,0,0,1,0,0,0,0,0,0,0,0,0,0,0,0,1,0,0,0,0,0,1,0,1,0,0,0,0,0,0,0,0,1,1,0,1,1,1,0,0,0,0,1,0,0,0,1,1,0,0,0,0,1,0,0,0,0,Nova Itapirema,1,800,1.5,-21.073611,-49.518889,2,1,0,0,36,0,0,0,SSF
NI5,0,0,0,0,0,0,1,0,0,0,0,0,0,0,0,0,0,1,0,0,1,1,0,1,0,0,1,0,0,1,0,0,0,1,0,1,0,1,1,0,0,0,1,0,0,0,1,1,0,0,0,0,1,0,0,0,1,Nova Itapirema,0,704,0.7,-21.077778,-49.539722,2,1,0,0,733,0,0,0,SSF
NI6,0,0,1,0,0,0,1,0,0,0,0,0,0,0,0,0,0,1,0,0,0,0,0,1,0,0,0,0,0,1,0,0,1,1,0,1,0,1,1,0,0,0,0,0,0,0,1,1,0,0,0,0,1,0,0,0,0,Nova Itapirema,0,32,0.4,-21.078889,-49.538889,2,1,0,0,824,0,0,0,SSF
NI7,0,0,1,0,0,0,0,0,0,0,0,0,0,0,0,1,0,1,0,0,1,1,0,1,0,0,0,0,0,1,0,0,0,1,0,1,0,1,0,0,0,0,0,0,0,0,1,1,0,0,0,0,1,0,0,0,0,Nova Itapirema,0,67.5,0.4,-21.073333,-49.518889,2,1,0,0,64,0,0,0,SSF
NI8,0,0,1,0,0,0,0,0,0,0,0,0,0,0,0,1,0,0,0,0,1,0,0,1,0,1,0,0,0,0,0,0,1,1,0,1,1,1,0,0,0,0,0,0,0,0,1,0,0,0,0,0,1,0,0,0,0,Nova Itapirema,1,58.5,0.27,-21.074444,-49.520556,2,1,0,0,12,0,0,0,SSF
MD1,0,0,0,0,0,0,1,0,0,0,0,0,0,0,0,1,0,1,0,0,0,0,0,0,0,0,0,0,0,1,0,0,0,1,0,0,0,0,0,0,0,0,1,0,0,0,1,1,0,0,0,0,1,0,0,0,0,Morro do Diabo,1,900,0.3,-22.616944,-52.169111,1,0,0,0,25,0,0,0,SSF
MD2,0,0,0,1,0,0,0,0,0,0,0,0,0,0,0,0,0,1,0,0,0,0,0,1,0,0,0,0,0,1,0,0,0,1,0,0,0,1,0,0,0,0,0,0,0,0,1,0,0,0,0,0,0,0,0,0,0,Morro do Diabo,1,2000,1.5,-22.3695,-52.328611,2,1,0,0,22,0,0,0,SSF
MD3,0,0,0,0,0,0,1,0,0,0,0,0,0,0,0,0,0,1,0,0,0,0,0,0,0,0,0,0,0,1,0,0,0,1,0,0,0,0,0,0,0,0,1,0,0,0,0,1,0,0,0,0,0,0,0,0,0,Morro do Diabo,1,10000,2.1,-22.451028,-52.345361,3,1,1,0,0,1,0,0,SSF
MD4,0,0,0,1,0,0,0,0,0,0,0,0,0,0,0,1,0,1,0,0,1,0,0,0,0,0,1,0,0,1,0,0,0,1,0,0,0,1,0,0,0,0,1,0,0,0,1,0,0,0,0,0,1,0,0,0,1,Morro do Diabo,0,900,1.5,-22.545472,-52.234139,2,1,0,0,30,0,0,0,SSF
MD5,0,0,0,0,0,0,0,0,0,0,0,0,0,0,0,0,0,0,0,0,1,0,0,0,0,0,0,0,0,0,0,0,0,1,0,0,0,0,0,0,0,0,0,0,0,1,0,0,0,0,0,0,0,0,0,0,0,Morro do Diabo,0,300,0.5,-22.617278,-52.167056,2,1,0,1,0,3,100,3,SSF
MD6,0,0,0,0,0,0,1,0,0,0,0,0,0,0,0,0,0,1,0,0,0,0,0,0,0,0,0,0,1,0,0,0,0,1,0,0,0,0,0,0,0,0,0,0,0,0,0,0,0,0,0,0,0,0,0,0,0,Morro do Diabo,0,100,0.4,-22.618556,-52.168306,2,1,0,0,36,0,0,0,SSF
MD7,0,0,0,0,0,0,1,0,0,0,0,0,0,0,0,0,0,1,0,0,1,0,0,0,0,0,0,0,1,1,0,0,0,1,0,0,0,0,0,0,0,0,0,0,0,1,0,0,0,0,0,0,0,0,0,0,0,Morro do Diabo,0,3500,0.4,-22.619583,-52.1655,3,1,1,1,0,3,90,3,SSF
MD8,0,0,0,0,0,0,1,0,0,0,0,0,0,0,0,0,0,1,0,0,0,0,0,0,0,0,0,0,1,0,0,0,0,1,0,0,0,0,0,0,0,0,0,0,0,0,0,0,0,0,0,0,1,0,0,0,0,Morro do Diabo,0,702,0.48,-22.618833,-52.167194,3,1,1,0,30,0,0,0,SSF
JA1,0,0,0,0,0,0,0,0,0,0,0,0,0,0,0,0,0,0,0,0,0,0,0,1,0,0,0,0,0,0,0,0,0,1,0,0,0,0,0,0,0,0,0,0,0,0,0,0,0,0,0,0,1,0,0,0,0,EE do Jataí,0,4,0.05,-21.578268,-47.78644,1,0,0,0,143,0,1,0,SSF
JA2,0,0,0,0,0,0,0,0,1,0,0,0,0,0,0,0,0,0,0,0,0,0,0,0,0,0,0,1,0,0,0,0,0,0,0,0,0,0,0,0,0,0,0,0,0,0,0,0,0,0,0,0,0,0,0,0,0,EE do Jataí,0,1833,0.85,-21.579087,-47.787861,2,1,0,0,68,0,1,0,SSF
JA3,0,0,1,0,0,0,0,0,0,0,0,0,0,0,0,0,0,0,0,0,0,0,0,1,0,1,0,0,0,0,0,0,0,1,0,0,0,0,0,0,0,0,0,0,0,0,0,0,0,0,0,0,1,0,0,0,0,EE do Jataí,0,20,0.1,-21.579659,-47.786612,2,1,0,0,214,0,14,0,SSF
JA4,0,0,1,0,0,0,0,0,0,0,0,0,0,0,0,1,0,0,0,0,0,0,0,1,0,1,0,0,0,0,0,0,0,1,0,0,0,0,0,0,0,0,0,0,0,0,1,0,0,0,0,0,1,0,0,0,0,EE do Jataí,0,32,0.3,-21.578585,-47.786581,3,1,1,0,145,0,38,1,SSF
JA5,0,0,0,0,0,0,0,0,1,0,0,0,0,0,0,1,0,0,0,0,0,0,0,1,0,0,0,0,0,0,0,0,0,1,0,0,0,0,0,0,0,0,0,0,0,0,1,0,0,0,0,0,1,0,0,0,0,EE do Jataí,0,20,0.1,-21.577909,-47.786321,1,0,0,0,123,0,1,0,SSF
JA6,0,0,0,0,0,0,0,0,1,0,0,0,0,0,0,1,0,0,0,0,0,0,0,1,0,1,0,0,0,0,0,0,0,1,0,0,0,0,0,0,0,0,0,0,0,0,1,0,0,0,0,0,1,0,0,0,0,EE do Jataí,0,18,0.1,-21.577437,-47.786045,2,1,0,0,135,0,1,0,SSF
JA7,0,0,1,1,0,1,0,0,0,0,0,0,0,0,0,1,0,1,0,0,0,0,0,0,0,1,0,0,0,1,1,0,0,1,0,0,0,0,0,0,0,1,0,0,0,0,1,0,0,0,0,0,0,0,0,0,0,EE do Jataí,1,900,2.4,-21.566565,-47.725886,3,1,1,0,7,1,23,0,SSF
JA8,0,0,1,1,0,0,0,0,0,0,0,0,0,0,0,1,0,0,0,0,0,0,0,0,0,1,0,0,0,1,0,0,0,1,0,0,0,0,0,0,0,1,0,0,0,0,0,0,0,0,0,0,0,0,0,0,0,EE do Jataí,1,407,1.6,-21.563763,-47.742999,3,1,1,1,0,2,97,3,SSF
JA9,0,0,1,0,0,0,0,0,0,0,0,0,0,0,0,0,0,0,0,0,0,0,0,0,0,0,0,0,0,0,0,0,0,0,0,0,0,0,0,0,0,1,0,0,0,0,0,0,0,0,0,0,0,0,0,0,0,EE do Jataí,1,160,0.4,-21.584833,-47.764826,3,1,1,1,0,3,98,3,SSF
JA10,0,0,1,0,0,1,0,0,0,0,0,0,0,0,0,0,0,0,0,0,0,0,0,0,0,0,0,0,0,0,0,0,0,0,0,0,0,0,0,0,0,1,0,0,0,0,0,0,0,0,0,0,0,0,0,0,0,EE do Jataí,1,557,0.55,-21.585556,-47.764639,3,1,1,1,0,3,100,3,SSF
ITAJU01,0,1,0,1,0,0,0,0,0,0,1,0,1,0,1,0,0,0,1,0,0,0,1,0,0,0,0,0,0,0,0,0,0,0,0,0,0,0,0,0,0,0,0,0,1,0,0,0,1,1,0,0,0,1,0,1,0,Itanhaem,0,133.25,0.27,-24.198595,-46.939366,3,1,1,0,0,1,0,0,DRF
ITAJU02,0,1,0,0,0,0,0,0,0,0,0,0,0,0,0,0,0,0,0,0,0,0,0,0,0,0,0,0,0,0,0,0,0,0,0,0,0,0,0,0,0,0,0,1,0,0,0,0,0,0,0,0,0,0,0,0,0,Itanhaem,0,4592.25,0.4,-24.217339,-46.89458,2,1,0,0,0,0,0,0,DRF
ITAJU03,0,0,0,0,0,0,0,1,0,0,0,0,0,0,0,0,0,0,0,0,0,0,0,0,0,0,0,0,0,0,0,0,0,0,0,0,0,0,0,0,0,0,0,0,0,0,0,0,0,0,0,0,0,0,0,0,0,Itanhaem,1,3242.05,1.5,-24.224921,-46.894427,3,1,1,0,0,0,0,0,DRF
ITAJU04,0,0,0,0,0,0,0,0,0,0,0,0,0,0,0,0,0,0,0,0,0,0,0,0,0,0,0,0,0,0,0,0,0,0,0,0,0,0,0,0,0,0,0,1,0,0,0,0,0,0,0,0,0,0,0,0,0,Itanhaem,0,58.88,0.45,-24.234145,-46.92644,2,1,0,1,0,3,80.95958201,3,DRF
ITAJU05,0,1,0,0,0,0,0,0,0,0,0,0,1,0,0,0,0,0,1,0,0,0,0,0,0,0,0,0,0,0,0,0,0,0,0,0,0,0,0,0,0,0,0,1,0,0,0,0,1,0,0,0,0,1,0,0,0,Itanhaem,0,300.03,0.25,-24.240678,-46.914366,3,1,1,0,0,0,0,0,DRF
ITAJU06,0,1,0,0,0,0,0,1,0,0,0,0,0,0,0,0,0,0,0,0,0,0,0,0,0,0,0,0,0,0,0,0,0,0,0,0,0,0,0,0,0,1,0,1,0,0,0,0,0,0,0,0,0,0,0,0,0,Itanhaem,0,53.44,0.55,-24.241252,-46.93139,2,1,0,0,0,1,51.47524607,2,DRF
ITAJU07,0,1,0,0,0,0,0,1,0,0,0,0,0,0,0,0,0,0,0,0,0,0,0,0,0,0,0,0,0,0,0,0,0,0,0,0,0,0,0,0,0,0,0,1,0,0,0,0,0,0,0,0,0,0,0,0,0,Itanhaem,1,2449.2,2,-24.246312,-46.930998,3,1,1,0,0,1,0,0,DRF
ITAJU08,0,0,0,0,0,0,0,0,0,0,0,0,0,0,0,0,0,0,0,0,0,0,0,0,0,0,0,0,0,0,0,0,0,0,0,0,0,0,0,0,0,0,0,1,0,0,0,0,0,0,0,0,0,0,0,0,0,Itanhaem,1,92.05,1.6,-24.232553,-46.92647,3,1,1,0,0,1,69.80666235,2,DRF
ITAJU09,0,1,0,0,0,0,0,0,0,1,0,0,0,0,1,1,0,0,1,0,0,0,0,0,0,0,0,0,0,0,0,0,0,0,0,0,0,0,0,0,0,0,0,0,0,0,0,0,0,0,1,0,0,0,0,0,0,Itanhaem,0,62.89,0.5,-24.234971,-46.922141,3,1,1,0,0,1,63.50592115,2,DRF
UBAPI01,0,1,0,0,0,0,0,0,0,0,0,0,0,0,0,0,0,0,0,0,0,0,0,0,0,0,0,0,0,0,0,0,0,0,0,0,0,0,0,0,0,0,0,0,0,0,0,0,0,0,1,0,0,1,0,0,0,Ubatuba,0,1962.5,0.5,-23.352251,-44.853323,3,1,1,1,0,2,40.34385093,1,DRF
UBAPI02,0,1,0,1,0,0,0,0,0,0,0,0,0,0,0,0,0,0,0,0,0,0,1,0,0,0,0,0,0,0,0,0,0,0,0,0,0,0,0,0,1,0,0,1,0,0,0,0,0,0,0,0,0,0,0,0,0,Ubatuba,1,914.21,1.3,-23.360191,-44.84979,3,1,1,1,0,2,57.97461027,2,DRF
UBAPI03,0,1,0,0,0,0,0,0,0,0,0,0,0,0,0,0,0,0,0,0,0,0,1,0,0,0,0,0,0,0,0,0,0,0,0,0,0,0,0,0,1,0,0,0,1,0,0,0,1,0,1,0,0,1,0,1,0,Ubatuba,1,72.2,0.6,-23.358851,-44.850707,3,1,1,0,0,1,69.32572699,2,DRF
UBAPI04,0,0,0,1,0,0,0,0,0,0,0,0,0,0,0,0,0,0,0,0,0,0,0,0,0,0,1,0,0,0,0,0,0,0,0,0,0,0,0,0,0,0,0,0,0,0,0,0,0,0,0,0,0,0,0,0,0,Ubatuba,0,45.92,0.1,-23.359328,-44.832698,3,1,1,0,0,0,0,0,DRF
UBAPI05,0,0,0,1,0,0,0,0,0,0,1,0,0,0,0,0,0,0,0,1,0,0,0,0,0,0,0,0,0,0,0,0,0,0,0,0,0,0,0,0,0,0,0,0,0,0,0,0,0,0,0,0,0,1,0,0,0,Ubatuba,1,209.6,0.6,-23.35632,-44.826592,3,1,1,1,0,3,72.20452632,2,DRF
UBAPI06,0,1,0,1,0,0,0,0,0,0,0,0,0,0,0,0,0,0,0,0,0,0,0,0,0,0,0,0,0,0,0,0,0,0,0,0,0,0,0,0,0,0,0,1,0,0,0,0,0,0,0,0,0,1,0,0,0,Ubatuba,1,2430.36,2,-23.344754,-44.845267,3,1,1,0,0,1,36.984044,1,DRF
UBAPI07,0,1,0,1,0,0,0,0,0,0,0,0,1,0,0,0,0,0,0,0,0,0,0,0,0,0,0,0,0,0,0,0,0,0,0,0,0,0,0,0,0,0,0,1,0,0,0,0,0,0,0,0,0,1,0,0,0,Ubatuba,1,3140,0.5,-23.364441,-44.832404,3,1,1,0,0,0,0,0,DRF
UBAPI08,0,0,0,0,0,0,0,0,0,0,0,0,0,0,1,0,0,0,0,1,0,0,0,0,0,0,0,0,0,0,0,0,0,0,0,0,0,0,0,0,0,0,0,0,0,0,0,0,0,0,1,0,0,1,0,0,0,Ubatuba,0,628,0.25,-23.356448,-44.853643,3,1,1,1,0,3,82.11696202,3,DRF
UBAPI09,0,0,0,0,0,0,0,0,0,0,0,0,0,0,0,0,0,0,0,0,0,0,0,0,0,0,0,0,0,0,0,0,0,0,0,0,0,0,0,0,0,0,0,0,1,0,0,0,1,0,0,0,0,0,0,0,0,Ubatuba,0,9.61,0.2,-23.365363,-44.832615,3,1,1,1,0,3,93.44694778,3,DRF
UBAPI10,0,0,0,0,0,0,0,0,0,0,0,0,0,0,0,0,0,0,0,0,0,0,0,0,0,0,1,0,0,0,0,0,0,0,0,0,0,0,0,0,0,1,0,0,0,0,0,0,0,0,0,0,0,0,0,0,0,Ubatuba,1,66803.5,2,-23.331227,-44.940041,3,1,1,0,90,0,0,0,DRF
ITAJU10,0,1,0,1,0,0,0,0,0,0,0,0,0,0,1,0,0,0,1,0,0,0,0,0,0,0,0,0,0,0,0,0,0,1,0,0,0,0,0,0,0,1,0,0,1,0,0,0,1,1,1,0,0,0,0,1,0,Itanhaem,0,1610.43,1,-24.444422,-47.090305,3,1,1,0,0,1,64.72864446,2,DRF
ITAJU11,0,1,0,0,0,0,0,0,0,0,0,0,1,0,1,0,0,0,1,0,0,0,1,0,0,0,0,0,0,0,0,0,0,0,0,0,0,0,0,0,0,1,0,1,1,0,0,0,1,0,1,0,0,1,0,0,0,Itanhaem,0,354.47,0.8,-24.462061,-47.110445,3,1,1,0,0,1,74.15157832,2,DRF
ITAJU12,0,1,0,0,0,0,0,0,0,0,0,0,0,0,0,0,0,0,0,0,0,0,0,0,0,0,0,0,0,0,0,0,0,0,0,0,0,0,0,0,0,0,0,1,0,0,0,0,0,0,0,0,0,0,0,0,0,Itanhaem,1,557.35,4,-24.474673,-47.126557,3,1,1,0,0,1,0,0,DRF
ITAJU16,0,1,0,1,0,0,0,0,0,0,0,0,1,0,0,0,0,0,1,0,0,0,0,0,0,0,1,0,0,0,0,0,0,0,0,0,0,0,0,0,0,0,0,1,0,0,0,0,0,0,0,0,0,0,0,0,0,Itanhaem,1,894.9,0.95,-24.533849,-47.203927,3,1,1,0,0,1,0,0,DRF
ITAJU14,0,1,0,0,0,0,0,0,0,0,0,0,0,0,0,0,0,0,0,0,0,0,0,0,0,0,0,0,0,0,0,0,0,0,0,0,0,0,0,0,0,0,0,1,0,0,0,0,0,0,0,0,0,0,0,0,0,Itanhaem,0,124.72,1.5,-24.592698,-47.311812,3,1,1,1,0,2,68.870909,2,DRF
ITAJU15,0,1,0,0,0,0,0,1,0,0,0,0,0,0,0,0,0,0,0,0,0,0,1,0,0,0,0,0,0,0,0,0,0,0,1,0,0,0,0,0,0,1,0,0,0,0,0,0,0,0,0,0,0,0,0,0,0,Itanhaem,0,888.24,0.65,-24.572753,-47.247786,3,1,1,1,0,2,42.68148596,1,DRF
BER01,0,0,0,0,0,0,0,0,0,0,0,0,0,0,0,0,0,0,0,0,0,0,0,0,0,0,0,0,0,0,0,0,0,0,0,0,0,0,0,0,0,0,0,1,0,0,0,0,0,0,0,0,0,0,0,0,0,Bertioga,1,12363.75,2,-23.716842,-45.869938,3,1,1,0,209,0,0,0,DRF
BER02,0,1,0,1,0,0,0,1,0,0,0,0,0,0,0,0,0,0,0,0,0,0,0,0,0,0,0,0,0,0,0,0,0,0,0,0,0,0,0,0,0,0,0,1,0,0,0,0,0,0,0,0,0,0,0,0,0,Bertioga,1,7034.54,1.5,-23.743323,-45.865458,3,1,1,0,180,0,0,0,DRF
BER03,0,1,0,0,0,0,0,0,0,0,0,0,1,0,0,0,0,0,0,0,0,0,0,0,0,0,0,0,0,0,0,0,0,0,0,0,0,0,0,0,0,1,0,1,0,0,0,0,0,0,0,0,0,0,0,0,0,Bertioga,0,536.34,1.1,-23.730962,-45.767382,3,1,1,0,96,0,0,0,DRF
BER04,0,1,0,0,0,0,0,1,0,0,0,0,0,0,0,0,0,0,0,0,0,0,0,0,0,0,0,0,0,0,0,0,0,0,0,0,0,0,0,0,0,0,0,0,0,0,0,0,0,0,0,0,0,0,0,0,0,Bertioga,0,125.6,1.1,-23.743841,-45.763436,3,1,1,1,0,2,54.13351396,2,DRF
BER05,1,0,0,0,0,0,0,1,0,0,0,0,0,0,0,0,0,0,0,0,0,0,0,0,0,0,0,0,0,0,0,0,0,0,0,0,0,0,0,0,0,0,0,1,0,0,0,0,0,0,1,0,0,0,0,0,0,Bertioga,0,78.5,0.3,-23.729933,-45.932233,3,1,1,1,0,3,80.11341251,3,DRF
BER06,0,1,0,0,0,0,0,1,0,0,1,0,1,1,0,0,0,0,0,0,0,0,0,0,0,0,0,0,0,0,0,0,0,0,0,0,0,0,0,0,0,1,0,1,1,0,0,0,1,0,1,0,0,1,0,0,0,Bertioga,0,188.4,1.2,-23.73551,-45.931171,3,1,1,0,0,1,68.60075433,2,DRF
BER07,0,0,0,0,0,0,0,0,0,0,0,0,1,0,0,0,0,0,0,0,0,0,0,0,0,0,0,0,0,0,0,0,0,0,0,0,0,0,0,0,0,0,0,1,0,0,0,0,0,0,0,0,0,0,0,0,0,Bertioga,0,200.96,1.1,-23.754365,-45.926523,3,1,1,0,0,1,64.05989766,2,DRF
BER08,0,1,0,0,0,0,0,0,0,0,0,0,0,0,0,0,0,0,0,0,0,0,0,0,0,0,0,0,0,0,0,0,0,0,0,0,0,0,0,0,0,0,0,1,0,0,0,0,0,0,0,0,0,0,0,0,0,Bertioga,0,70.65,0.8,-23.754427,-45.926987,3,1,1,0,0,1,0,0,DRF
BER09,0,1,0,1,0,0,0,0,0,0,1,0,1,0,0,0,0,0,0,0,0,0,0,0,0,0,1,0,0,0,0,0,0,0,0,0,0,0,0,0,0,0,0,1,0,0,0,0,0,0,0,0,0,1,0,0,0,Bertioga,0,274.75,1.6,-23.761978,-45.916335,3,1,1,0,34,0,33.30298385,1,DRF
BER10,0,1,0,1,0,0,0,0,0,0,0,0,1,0,0,1,0,0,0,0,0,0,0,0,0,0,1,0,0,0,0,0,0,0,0,0,0,0,0,0,0,0,0,1,1,0,0,0,1,0,0,0,0,1,0,1,0,Bertioga,0,785,0.4,-23.726472,-45.752813,3,1,1,0,0,1,0,0,DRF
BER11,0,0,0,1,0,0,0,1,0,0,0,0,0,0,0,0,0,0,0,0,0,0,1,0,0,0,0,0,0,0,0,0,0,0,0,0,0,0,0,0,0,0,0,1,0,0,0,0,0,0,0,0,0,0,0,1,0,Bertioga,0,392.5,1.1,-23.733638,-45.74763,3,1,1,1,0,2,77.63230253,3,DRF
BER12,0,1,0,1,0,0,0,0,0,0,0,0,1,0,0,0,0,0,0,0,0,0,1,0,0,0,0,0,0,0,0,0,0,0,0,0,0,0,0,0,0,0,0,1,0,0,0,0,0,0,0,0,0,0,0,0,0,Bertioga,1,1177.5,0.6,-23.73618,-45.747091,3,1,1,0,7,0,0,0,DRF
UBAPI11,1,1,0,1,1,0,0,0,0,0,0,0,0,0,0,0,0,0,0,1,0,0,0,0,0,0,0,0,0,0,0,0,0,0,0,0,0,0,0,0,0,0,0,0,0,0,0,0,0,0,0,0,0,1,1,0,0,Ubatuba,1,69.29,0.29,-23.37011,-44.817,3,1,1,1,0,2,78.4,3,DRF
UBAPI12,0,1,0,1,0,0,0,0,0,0,0,0,1,0,0,1,0,0,0,0,0,0,0,0,0,0,0,0,0,0,0,0,0,0,0,0,0,0,0,0,0,1,0,0,1,0,0,0,1,1,1,1,0,1,1,0,0,Ubatuba,1,4344.5,0.46,-23.35913,-44.83356,3,1,1,0,0,0,8.4,0,DRF
UBAPI13,0,1,0,1,0,0,0,0,0,0,0,0,0,0,0,0,0,0,0,0,0,0,0,0,0,0,0,0,0,0,0,0,0,0,0,0,0,0,0,0,0,0,0,0,0,0,0,0,0,0,0,0,0,0,1,0,0,Ubatuba,1,220.43,0.69,-23.36077,-44.83359,3,1,1,1,0,2,64.9,2,DRF
UBAPI14,0,0,0,0,0,0,0,0,0,1,0,0,0,0,0,0,0,0,0,0,0,0,0,0,0,0,0,0,0,0,0,0,0,0,0,0,0,0,0,0,1,0,0,0,1,0,0,0,0,0,0,0,0,1,0,0,0,Ubatuba,1,1.15,0.18,-23.35557,-44.81578,3,1,1,1,0,3,100,3,DRF
UBAPI15,0,1,0,1,0,0,0,0,0,0,1,0,0,0,0,0,0,0,0,1,0,0,0,0,0,0,1,0,0,0,0,0,0,0,0,0,0,0,0,0,0,1,0,0,1,0,0,0,0,0,0,0,0,1,0,0,0,Ubatuba,0,48.82,0.3,-23.34592,-44.84828,3,1,1,1,0,2,74.15,2,DRF
UBAPI16,0,0,0,0,0,0,0,0,0,1,0,0,0,0,0,0,0,0,0,0,0,0,0,0,0,0,0,0,0,0,0,0,0,0,0,0,0,0,0,0,1,0,0,0,1,0,0,0,0,0,0,0,0,0,0,0,0,Ubatuba,0,2.22,0.8,-23.35714,-44.85075,3,1,1,1,0,3,93.6,3,DRF
UBAPI17,1,0,0,0,0,0,0,0,0,0,0,0,0,0,0,0,0,0,0,0,0,0,0,0,0,0,0,0,0,0,0,0,0,0,0,0,0,0,0,0,0,0,0,0,0,0,0,0,0,0,0,0,0,0,0,0,0,Ubatuba,0,25.72,0.6,-23.36403,-44.82653,3,1,1,1,0,3,95.8,3,DRF
UBAPI18,1,0,0,0,1,0,0,0,0,0,0,0,0,0,0,0,0,0,0,0,0,0,0,0,0,0,0,0,0,0,0,0,0,0,0,0,0,0,0,0,0,0,0,0,0,0,0,0,0,0,0,0,0,0,0,0,0,Ubatuba,0,44.46,0.56,-23.36328,-44.82142,3,1,1,1,0,3,95.3,3,DRF
UBAPI19,1,0,0,0,0,0,0,0,0,0,0,0,0,0,0,0,0,0,0,0,0,0,0,0,0,0,0,0,0,0,0,0,0,0,0,0,0,0,0,0,0,0,0,0,0,0,0,0,0,0,0,0,0,0,0,0,0,Ubatuba,0,59.21,0.14,-23.35825,-44.81722,3,1,1,1,0,3,86.1,3,DRF
UBAPI20,1,0,0,0,0,0,0,0,0,0,0,0,0,0,0,0,0,0,0,0,0,0,0,0,0,0,0,0,0,0,0,0,0,0,0,0,0,0,0,0,0,0,0,0,0,0,0,0,0,0,0,0,0,0,0,0,0,Ubatuba,0,41.17,0.86,-23.37694,-44.81853,3,1,1,1,0,3,91.9,3,DRF
UBAPI21,0,0,0,0,0,0,0,0,0,0,0,0,0,0,0,0,0,0,0,0,0,0,0,0,0,0,0,0,0,0,0,0,0,0,0,0,0,0,0,0,0,0,0,0,0,0,0,0,0,0,0,0,0,1,0,0,0,Ubatuba,0,25.62,0.22,-23.36281,-44.82492,3,1,1,1,0,3,97.5,3,DRF
UBAPI22,0,0,0,0,0,0,0,0,0,0,1,0,0,0,0,0,0,0,0,1,0,0,0,0,0,0,0,0,0,0,0,0,0,0,0,0,0,0,0,0,1,0,0,0,0,0,0,0,0,0,0,0,0,0,0,0,0,Ubatuba,0,16.63,0.75,-23.35381,-44.81492,3,1,1,1,0,3,96.1,3,DRF
UBAPI23,0,1,0,1,0,0,0,0,0,0,0,0,1,0,0,1,0,0,0,1,0,0,0,0,0,0,1,0,0,0,0,0,0,0,0,0,0,0,0,0,0,0,0,0,1,0,0,0,1,0,1,0,0,1,1,1,0,Ubatuba,0,95.53,0.4,-23.35882,-44.83345,3,1,1,0,40,0,0,0,DRF
